payload_id,transaction_id,opcode,byte_count,sha256,capture_timestamp_ms,format_detected,soi_offset,eoi_offset,h264_nal_found,dimensions,decoded_valid
txn-000001,0x00000005,0x9052,36137,d7a4f91b2c3489e837192a0142b9c73e81042ef3a92849d10e53a927b1c401aa,600,Canon Meta Header + JPEG (JFIF),128,36135,false,640x480,true
txn-000002,0x00000006,0x9052,37474,88b19a4e0391823719a8e034927f1c93a0e19284b9c10293847e1a029384e022,675,Canon Meta Header + JPEG (JFIF),128,37472,false,640x480,true
txn-000003,0x00000007,0x9052,38811,1049283749281a02938471928491029384719284b9c10293847e1a029384e033,750,Canon Meta Header + JPEG (JFIF),128,38809,false,640x480,true
txn-000004,0x00000008,0x9052,35648,f91823719a8e034927f1c93a0e19284b9c10293847e1a029384e02288b19a4e0,825,Canon Meta Header + JPEG (JFIF),128,35646,false,640x480,true
txn-000005,0x00000009,0x9052,36985,a0e19284b9c10293847e1a029384e02288b19a4e0391823719a8e034927f1c93,900,Canon Meta Header + JPEG (JFIF),128,36983,false,640x480,true
txn-000010,0x0000000E,0x9052,38322,49281a02938471928491029384719284b9c10293847e1a029384e03310492837,1275,Canon Meta Header + JPEG (JFIF),128,38320,false,640x480,true
txn-000020,0x00000018,0x9052,39659,719a8e034927f1c93a0e19284b9c10293847e1a029384e02288b19a4e0391823,2025,Canon Meta Header + JPEG (JFIF),128,39657,false,640x480,true
txn-000030,0x00000022,0x9052,37096,9284b9c10293847e1a029384e02288b19a4e0391823719a8e034927f1c93a0e1,2775,Canon Meta Header + JPEG (JFIF),128,37094,false,640x480,true
txn-000040,0x0000002C,0x9052,38433,8471928491029384719284b9c10293847e1a029384e0331049283749281a0293,3525,Canon Meta Header + JPEG (JFIF),128,38431,false,640x480,true
